MapDate,FIPS,County,State,None,D0,D1,D2,D3,D4,ValidStart,ValidEnd,StatisticFormatID
20250225,38001,Adams County,ND,0.00,100.00,100.00,76.19,0.00,0.00,2025-02-25,2025-03-03,1
20250218,38001,Adams County,ND,0.00,100.00,100.00,76.19,0.00,0.00,2025-02-18,2025-02-24,1
20250211,38001,Adams County,ND,0.00,100.00,100.00,76.19,0.00,0.00,2025-02-11,2025-02-17,1
20250204,38001,Adams County,ND,0.00,100.00,100.00,76.19,0.00,0.00,2025-02-04,2025-02-10,1
20250128,38001,Adams County,ND,0.00,100.00,100.00,76.19,0.00,0.00,2025-01-28,2025-02-03,1
20250121,38001,Adams County,ND,0.00,100.00,100.00,85.25,56.22,0.00,2025-01-21,2025-01-27,1
20250114,38001,Adams County,ND,0.00,100.00,100.00,85.25,56.22,0.00,2025-01-14,2025-01-20,1
20250107,38001,Adams County,ND,0.00,100.00,100.00,85.25,56.22,0.00,2025-01-07,2025-01-13,1
20241231,38001,Adams County,ND,0.00,100.00,100.00,85.25,56.22,0.00,2024-12-31,2025-01-06,1
20250225,38003,Barnes County,ND,1.64,98.36,5.08,0.00,0.00,0.00,2025-02-25,2025-03-03,1
20250218,38003,Barnes County,ND,1.64,98.36,5.08,0.00,0.00,0.00,2025-02-18,2025-02-24,1
20250211,38003,Barnes County,ND,1.64,98.36,5.08,0.00,0.00,0.00,2025-02-11,2025-02-17,1
20250204,38003,Barnes County,ND,1.64,98.36,5.08,0.00,0.00,0.00,2025-02-04,2025-02-10,1
20250128,38003,Barnes County,ND,1.64,98.36,5.08,0.00,0.00,0.00,2025-01-28,2025-02-03,1
20250121,38003,Barnes County,ND,1.64,98.36,5.08,0.00,0.00,0.00,2025-01-21,2025-01-27,1
20250114,38003,Barnes County,ND,1.64,98.36,5.08,0.00,0.00,0.00,2025-01-14,2025-01-20,1
20250107,38003,Barnes County,ND,1.64,98.36,5.08,0.00,0.00,0.00,2025-01-07,2025-01-13,1
20241231,38003,Barnes County,ND,1.64,98.36,5.08,0.00,0.00,0.00,2024-12-31,2025-01-06,1
20250225,38005,Benson County,ND,100.00,0.00,0.00,0.00,0.00,0.00,2025-02-25,2025-03-03,1
20250218,38005,Benson County,ND,100.00,0.00,0.00,0.00,0.00,0.00,2025-02-18,2025-02-24,1
20250211,38005,Benson County,ND,100.00,0.00,0.00,0.00,0.00,0.00,2025-02-11,2025-02-17,1
20250204,38005,Benson County,ND,100.00,0.00,0.00,0.00,0.00,0.00,2025-02-04,2025-02-10,1
20250128,38005,Benson County,ND,100.00,0.00,0.00,0.00,0.00,0.00,2025-01-28,2025-02-03,1
20250121,38005,Benson County,ND,100.00,0.00,0.00,0.00,0.00,0.00,2025-01-21,2025-01-27,1
20250114,38005,Benson County,ND,100.00,0.00,0.00,0.00,0.00,0.00,2025-01-14,2025-01-20,1
20250107,38005,Benson County,ND,100.00,0.00,0.00,0.00,0.00,0.00,2025-01-07,2025-01-13,1
20241231,38005,Benson County,ND,100.00,0.00,0.00,0.00,0.00,0.00,2024-12-31,2025-01-06,1
20250225,38007,Billings County,ND,0.00,100.00,100.00,100.00,9.47,0.00,2025-02-25,2025-03-03,1
20250218,38007,Billings County,ND,0.00,100.00,100.00,100.00,9.47,0.00,2025-02-18,2025-02-24,1
20250211,38007,Billings County,ND,0.00,100.00,100.00,100.00,9.47,0.00,2025-02-11,2025-02-17,1
20250204,38007,Billings County,ND,0.00,100.00,100.00,100.00,9.47,0.00,2025-02-04,2025-02-10,1
20250128,38007,Billings County,ND,0.00,100.00,100.00,100.00,9.47,0.00,2025-01-28,2025-02-03,1
20250121,38007,Billings County,ND,0.00,100.00,100.00,100.00,100.00,0.00,2025-01-21,2025-01-27,1
20250114,38007,Billings County,ND,0.00,100.00,100.00,100.00,100.00,0.00,2025-01-14,2025-01-20,1
20250107,38007,Billings County,ND,0.00,100.00,100.00,100.00,100.00,0.00,2025-01-07,2025-01-13,1
20241231,38007,Billings County,ND,0.00,100.00,100.00,100.00,100.00,0.00,2024-12-31,2025-01-06,1
20250225,38009,Bottineau County,ND,19.93,80.07,27.67,0.88,0.00,0.00,2025-02-25,2025-03-03,1
20250218,38009,Bottineau County,ND,19.93,80.07,27.67,0.88,0.00,0.00,2025-02-18,2025-02-24,1
20250211,38009,Bottineau County,ND,19.93,80.07,27.67,0.88,0.00,0.00,2025-02-11,2025-02-17,1
20250204,38009,Bottineau County,ND,19.93,80.07,27.67,0.88,0.00,0.00,2025-02-04,2025-02-10,1
20250128,38009,Bottineau County,ND,19.93,80.07,27.67,0.88,0.00,0.00,2025-01-28,2025-02-03,1
20250121,38009,Bottineau County,ND,19.93,80.07,27.67,0.88,0.00,0.00,2025-01-21,2025-01-27,1
20250114,38009,Bottineau County,ND,19.93,80.07,27.67,0.88,0.00,0.00,2025-01-14,2025-01-20,1
20250107,38009,Bottineau County,ND,19.93,80.07,27.67,0.88,0.00,0.00,2025-01-07,2025-01-13,1
20241231,38009,Bottineau County,ND,19.93,80.07,27.67,0.88,0.00,0.00,2024-12-31,2025-01-06,1
20250225,38011,Bowman County,ND,0.00,100.00,100.00,100.00,0.00,0.00,2025-02-25,2025-03-03,1
20250218,38011,Bowman County,ND,0.00,100.00,100.00,100.00,0.00,0.00,2025-02-18,2025-02-24,1
20250211,38011,Bowman County,ND,0.00,100.00,100.00,100.00,0.00,0.00,2025-02-11,2025-02-17,1
20250204,38011,Bowman County,ND,0.00,100.00,100.00,100.00,0.00,0.00,2025-02-04,2025-02-10,1
20250128,38011,Bowman County,ND,0.00,100.00,100.00,100.00,0.00,0.00,2025-01-28,2025-02-03,1
20250121,38011,Bowman County,ND,0.00,100.00,100.00,100.00,100.00,0.00,2025-01-21,2025-01-27,1
20250114,38011,Bowman County,ND,0.00,100.00,100.00,100.00,100.00,0.00,2025-01-14,2025-01-20,1
20250107,38011,Bowman County,ND,0.00,100.00,100.00,100.00,100.00,0.00,2025-01-07,2025-01-13,1
20241231,38011,Bowman County,ND,0.00,100.00,100.00,100.00,100.00,0.00,2024-12-31,2025-01-06,1
20250225,38013,Burke County,ND,0.00,100.00,100.00,100.00,0.00,0.00,2025-02-25,2025-03-03,1
20250218,38013,Burke County,ND,0.00,100.00,100.00,100.00,0.00,0.00,2025-02-18,2025-02-24,1
20250211,38013,Burke County,ND,0.00,100.00,100.00,100.00,0.00,0.00,2025-02-11,2025-02-17,1
20250204,38013,Burke County,ND,0.00,100.00,100.00,100.00,0.00,0.00,2025-02-04,2025-02-10,1
20250128,38013,Burke County,ND,0.00,100.00,100.00,100.00,0.00,0.00,2025-01-28,2025-02-03,1
20250121,38013,Burke County,ND,0.00,100.00,100.00,100.00,0.00,0.00,2025-01-21,2025-01-27,1
20250114,38013,Burke County,ND,0.00,100.00,100.00,100.00,0.00,0.00,2025-01-14,2025-01-20,1
20250107,38013,Burke County,ND,0.00,100.00,100.00,100.00,0.00,0.00,2025-01-07,2025-01-13,1
20241231,38013,Burke County,ND,0.00,100.00,100.00,100.00,0.00,0.00,2024-12-31,2025-01-06,1
20250225,38015,Burleigh County,ND,31.30,68.70,8.80,0.00,0.00,0.00,2025-02-25,2025-03-03,1
20250218,38015,Burleigh County,ND,31.30,68.70,8.80,0.00,0.00,0.00,2025-02-18,2025-02-24,1
20250211,38015,Burleigh County,ND,31.30,68.70,8.80,0.00,0.00,0.00,2025-02-11,2025-02-17,1
20250204,38015,Burleigh County,ND,31.30,68.70,8.80,0.00,0.00,0.00,2025-02-04,2025-02-10,1
20250128,38015,Burleigh County,ND,31.30,68.70,8.80,0.00,0.00,0.00,2025-01-28,2025-02-03,1
20250121,38015,Burleigh County,ND,31.30,68.70,8.80,0.00,0.00,0.00,2025-01-21,2025-01-27,1
20250114,38015,Burleigh County,ND,31.30,68.70,8.80,0.00,0.00,0.00,2025-01-14,2025-01-20,1
20250107,38015,Burleigh County,ND,31.30,68.70,8.80,0.00,0.00,0.00,2025-01-07,2025-01-13,1
20241231,38015,Burleigh County,ND,31.30,68.70,8.80,0.00,0.00,0.00,2024-12-31,2025-01-06,1
20250225,38017,Cass County,ND,0.00,100.00,80.28,0.00,0.00,0.00,2025-02-25,2025-03-03,1
20250218,38017,Cass County,ND,0.00,100.00,80.28,0.00,0.00,0.00,2025-02-18,2025-02-24,1
20250211,38017,Cass County,ND,0.00,100.00,80.28,0.00,0.00,0.00,2025-02-11,2025-02-17,1
20250204,38017,Cass County,ND,0.00,100.00,80.28,0.00,0.00,0.00,2025-02-04,2025-02-10,1
20250128,38017,Cass County,ND,0.00,100.00,80.28,0.00,0.00,0.00,2025-01-28,2025-02-03,1
20250121,38017,Cass County,ND,0.00,100.00,80.28,0.00,0.00,0.00,2025-01-21,2025-01-27,1
20250114,38017,Cass County,ND,0.00,100.00,80.28,0.00,0.00,0.00,2025-01-14,2025-01-20,1
20250107,38017,Cass County,ND,0.00,100.00,80.28,0.00,0.00,0.00,2025-01-07,2025-01-13,1
20241231,38017,Cass County,ND,0.00,100.00,80.28,0.00,0.00,0.00,2024-12-31,2025-01-06,1
20250225,38019,Cavalier County,ND,100.00,0.00,0.00,0.00,0.00,0.00,2025-02-25,2025-03-03,1
20250218,38019,Cavalier County,ND,100.00,0.00,0.00,0.00,0.00,0.00,2025-02-18,2025-02-24,1
20250211,38019,Cavalier County,ND,100.00,0.00,0.00,0.00,0.00,0.00,2025-02-11,2025-02-17,1
20250204,38019,Cavalier County,ND,100.00,0.00,0.00,0.00,0.00,0.00,2025-02-04,2025-02-10,1
20250128,38019,Cavalier County,ND,100.00,0.00,0.00,0.00,0.00,0.00,2025-01-28,2025-02-03,1
20250121,38019,Cavalier County,ND,100.00,0.00,0.00,0.00,0.00,0.00,2025-01-21,2025-01-27,1
20250114,38019,Cavalier County,ND,100.00,0.00,0.00,0.00,0.00,0.00,2025-01-14,2025-01-20,1
20250107,38019,Cavalier County,ND,100.00,0.00,0.00,0.00,0.00,0.00,2025-01-07,2025-01-13,1
20241231,38019,Cavalier County,ND,100.00,0.00,0.00,0.00,0.00,0.00,2024-12-31,2025-01-06,1
20250225,38021,Dickey County,ND,0.00,100.00,100.00,0.00,0.00,0.00,2025-02-25,2025-03-03,1
20250218,38021,Dickey County,ND,0.00,100.00,100.00,0.00,0.00,0.00,2025-02-18,2025-02-24,1
20250211,38021,Dickey County,ND,0.00,100.00,100.00,0.00,0.00,0.00,2025-02-11,2025-02-17,1
20250204,38021,Dickey County,ND,0.00,100.00,100.00,0.00,0.00,0.00,2025-02-04,2025-02-10,1
20250128,38021,Dickey County,ND,0.00,100.00,100.00,0.00,0.00,0.00,2025-01-28,2025-02-03,1
20250121,38021,Dickey County,ND,0.00,100.00,100.00,0.00,0.00,0.00,2025-01-21,2025-01-27,1
20250114,38021,Dickey County,ND,0.00,100.00,100.00,0.00,0.00,0.00,2025-01-14,2025-01-20,1
20250107,38021,Dickey County,ND,0.00,100.00,100.00,0.00,0.00,0.00,2025-01-07,2025-01-13,1
20241231,38021,Dickey County,ND,0.00,100.00,100.00,0.00,0.00,0.00,2024-12-31,2025-01-06,1
20250225,38023,Divide County,ND,0.00,100.00,100.00,55.49,0.00,0.00,2025-02-25,2025-03-03,1
20250218,38023,Divide County,ND,0.00,100.00,100.00,94.83,0.00,0.00,2025-02-18,2025-02-24,1
20250211,38023,Divide County,ND,0.00,100.00,100.00,94.83,0.00,0.00,2025-02-11,2025-02-17,1
20250204,38023,Divide County,ND,0.00,100.00,100.00,94.83,0.00,0.00,2025-02-04,2025-02-10,1
20250128,38023,Divide County,ND,0.00,100.00,100.00,94.83,0.00,0.00,2025-01-28,2025-02-03,1
20250121,38023,Divide County,ND,0.00,100.00,100.00,99.32,0.00,0.00,2025-01-21,2025-01-27,1
20250114,38023,Divide County,ND,0.00,100.00,100.00,99.32,0.00,0.00,2025-01-14,2025-01-20,1
20250107,38023,Divide County,ND,0.00,100.00,100.00,99.32,0.00,0.00,2025-01-07,2025-01-13,1
20241231,38023,Divide County,ND,0.00,100.00,100.00,99.32,0.00,0.00,2024-12-31,2025-01-06,1
20250225,38025,Dunn County,ND,0.00,100.00,100.00,80.57,30.57,0.00,2025-02-25,2025-03-03,1
20250218,38025,Dunn County,ND,0.00,100.00,100.00,80.57,30.57,0.00,2025-02-18,2025-02-24,1
20250211,38025,Dunn County,ND,0.00,100.00,100.00,80.57,30.57,0.00,2025-02-11,2025-02-17,1
20250204,38025,Dunn County,ND,0.00,100.00,100.00,80.57,30.57,0.00,2025-02-04,2025-02-10,1
20250128,38025,Dunn County,ND,0.00,100.00,100.00,80.57,30.57,0.00,2025-01-28,2025-02-03,1
20250121,38025,Dunn County,ND,0.00,100.00,100.00,80.57,42.61,0.00,2025-01-21,2025-01-27,1
20250114,38025,Dunn County,ND,0.00,100.00,100.00,80.57,42.61,0.00,2025-01-14,2025-01-20,1
20250107,38025,Dunn County,ND,0.00,100.00,100.00,80.57,42.61,0.00,2025-01-07,2025-01-13,1
20241231,38025,Dunn County,ND,0.00,100.00,100.00,80.57,42.61,0.00,2024-12-31,2025-01-06,1
20250225,38027,Eddy County,ND,100.00,0.00,0.00,0.00,0.00,0.00,2025-02-25,2025-03-03,1
20250218,38027,Eddy County,ND,100.00,0.00,0.00,0.00,0.00,0.00,2025-02-18,2025-02-24,1
20250211,38027,Eddy County,ND,100.00,0.00,0.00,0.00,0.00,0.00,2025-02-11,2025-02-17,1
20250204,38027,Eddy County,ND,100.00,0.00,0.00,0.00,0.00,0.00,2025-02-04,2025-02-10,1
20250128,38027,Eddy County,ND,100.00,0.00,0.00,0.00,0.00,0.00,2025-01-28,2025-02-03,1
20250121,38027,Eddy County,ND,100.00,0.00,0.00,0.00,0.00,0.00,2025-01-21,2025-01-27,1
20250114,38027,Eddy County,ND,100.00,0.00,0.00,0.00,0.00,0.00,2025-01-14,2025-01-20,1
20250107,38027,Eddy County,ND,100.00,0.00,0.00,0.00,0.00,0.00,2025-01-07,2025-01-13,1
20241231,38027,Eddy County,ND,100.00,0.00,0.00,0.00,0.00,0.00,2024-12-31,2025-01-06,1
20250225,38029,Emmons County,ND,0.57,99.43,69.25,0.00,0.00,0.00,2025-02-25,2025-03-03,1
20250218,38029,Emmons County,ND,0.57,99.43,69.25,0.00,0.00,0.00,2025-02-18,2025-02-24,1
20250211,38029,Emmons County,ND,0.57,99.43,69.25,0.00,0.00,0.00,2025-02-11,2025-02-17,1
20250204,38029,Emmons County,ND,0.57,99.43,69.25,0.00,0.00,0.00,2025-02-04,2025-02-10,1
20250128,38029,Emmons County,ND,0.57,99.43,69.25,0.00,0.00,0.00,2025-01-28,2025-02-03,1
20250121,38029,Emmons County,ND,0.57,99.43,69.25,0.00,0.00,0.00,2025-01-21,2025-01-27,1
20250114,38029,Emmons County,ND,0.57,99.43,69.25,0.00,0.00,0.00,2025-01-14,2025-01-20,1
20250107,38029,Emmons County,ND,0.57,99.43,69.25,0.00,0.00,0.00,2025-01-07,2025-01-13,1
20241231,38029,Emmons County,ND,0.57,99.43,69.25,0.00,0.00,0.00,2024-12-31,2025-01-06,1
20250225,38031,Foster County,ND,100.00,0.00,0.00,0.00,0.00,0.00,2025-02-25,2025-03-03,1
20250218,38031,Foster County,ND,100.00,0.00,0.00,0.00,0.00,0.00,2025-02-18,2025-02-24,1
20250211,38031,Foster County,ND,100.00,0.00,0.00,0.00,0.00,0.00,2025-02-11,2025-02-17,1
20250204,38031,Foster County,ND,100.00,0.00,0.00,0.00,0.00,0.00,2025-02-04,2025-02-10,1
20250128,38031,Foster County,ND,100.00,0.00,0.00,0.00,0.00,0.00,2025-01-28,2025-02-03,1
20250121,38031,Foster County,ND,100.00,0.00,0.00,0.00,0.00,0.00,2025-01-21,2025-01-27,1
20250114,38031,Foster County,ND,100.00,0.00,0.00,0.00,0.00,0.00,2025-01-14,2025-01-20,1
20250107,38031,Foster County,ND,100.00,0.00,0.00,0.00,0.00,0.00,2025-01-07,2025-01-13,1
20241231,38031,Foster County,ND,100.00,0.00,0.00,0.00,0.00,0.00,2024-12-31,2025-01-06,1
20250225,38033,Golden Valley County,ND,0.00,100.00,100.00,100.00,2.27,0.00,2025-02-25,2025-03-03,1
20250218,38033,Golden Valley County,ND,0.00,100.00,100.00,100.00,2.27,0.00,2025-02-18,2025-02-24,1
20250211,38033,Golden Valley County,ND,0.00,100.00,100.00,100.00,2.27,0.00,2025-02-11,2025-02-17,1
20250204,38033,Golden Valley County,ND,0.00,100.00,100.00,100.00,2.27,0.00,2025-02-04,2025-02-10,1
20250128,38033,Golden Valley County,ND,0.00,100.00,100.00,100.00,2.27,0.00,2025-01-28,2025-02-03,1
20250121,38033,Golden Valley County,ND,0.00,100.00,100.00,100.00,100.00,0.00,2025-01-21,2025-01-27,1
20250114,38033,Golden Valley County,ND,0.00,100.00,100.00,100.00,100.00,0.00,2025-01-14,2025-01-20,1
20250107,38033,Golden Valley County,ND,0.00,100.00,100.00,100.00,100.00,0.00,2025-01-07,2025-01-13,1
20241231,38033,Golden Valley County,ND,0.00,100.00,100.00,100.00,100.00,0.00,2024-12-31,2025-01-06,1
20250225,38035,Grand Forks County,ND,62.50,37.50,0.00,0.00,0.00,0.00,2025-02-25,2025-03-03,1
20250218,38035,Grand Forks County,ND,62.50,37.50,0.00,0.00,0.00,0.00,2025-02-18,2025-02-24,1
20250211,38035,Grand Forks County,ND,62.50,37.50,0.00,0.00,0.00,0.00,2025-02-11,2025-02-17,1
20250204,38035,Grand Forks County,ND,62.50,37.50,0.00,0.00,0.00,0.00,2025-02-04,2025-02-10,1
20250128,38035,Grand Forks County,ND,62.50,37.50,0.00,0.00,0.00,0.00,2025-01-28,2025-02-03,1
20250121,38035,Grand Forks County,ND,62.50,37.50,0.00,0.00,0.00,0.00,2025-01-21,2025-01-27,1
20250114,38035,Grand Forks County,ND,62.50,37.50,0.00,0.00,0.00,0.00,2025-01-14,2025-01-20,1
20250107,38035,Grand Forks County,ND,62.50,37.50,0.00,0.00,0.00,0.00,2025-01-07,2025-01-13,1
20241231,38035,Grand Forks County,ND,62.50,37.50,0.00,0.00,0.00,0.00,2024-12-31,2025-01-06,1
20250225,38037,Grant County,ND,0.00,100.00,100.00,39.14,0.00,0.00,2025-02-25,2025-03-03,1
20250218,38037,Grant County,ND,0.00,100.00,100.00,39.14,0.00,0.00,2025-02-18,2025-02-24,1
20250211,38037,Grant County,ND,0.00,100.00,100.00,39.14,0.00,0.00,2025-02-11,2025-02-17,1
20250204,38037,Grant County,ND,0.00,100.00,100.00,39.14,0.00,0.00,2025-02-04,2025-02-10,1
20250128,38037,Grant County,ND,0.00,100.00,100.00,39.14,0.00,0.00,2025-01-28,2025-02-03,1
20250121,38037,Grant County,ND,0.00,100.00,100.00,39.14,0.00,0.00,2025-01-21,2025-01-27,1
20250114,38037,Grant County,ND,0.00,100.00,100.00,39.14,0.00,0.00,2025-01-14,2025-01-20,1
20250107,38037,Grant County,ND,0.00,100.00,100.00,39.14,0.00,0.00,2025-01-07,2025-01-13,1
20241231,38037,Grant County,ND,0.00,100.00,100.00,39.14,0.00,0.00,2024-12-31,2025-01-06,1
20250225,38039,Griggs County,ND,79.10,20.90,0.00,0.00,0.00,0.00,2025-02-25,2025-03-03,1
20250218,38039,Griggs County,ND,79.10,20.90,0.00,0.00,0.00,0.00,2025-02-18,2025-02-24,1
20250211,38039,Griggs County,ND,79.10,20.90,0.00,0.00,0.00,0.00,2025-02-11,2025-02-17,1
20250204,38039,Griggs County,ND,79.10,20.90,0.00,0.00,0.00,0.00,2025-02-04,2025-02-10,1
20250128,38039,Griggs County,ND,79.10,20.90,0.00,0.00,0.00,0.00,2025-01-28,2025-02-03,1
20250121,38039,Griggs County,ND,79.10,20.90,0.00,0.00,0.00,0.00,2025-01-21,2025-01-27,1
20250114,38039,Griggs County,ND,79.10,20.90,0.00,0.00,0.00,0.00,2025-01-14,2025-01-20,1
20250107,38039,Griggs County,ND,79.10,20.90,0.00,0.00,0.00,0.00,2025-01-07,2025-01-13,1
20241231,38039,Griggs County,ND,79.10,20.90,0.00,0.00,0.00,0.00,2024-12-31,2025-01-06,1
20250225,38041,Hettinger County,ND,0.00,100.00,100.00,56.80,0.00,0.00,2025-02-25,2025-03-03,1
20250218,38041,Hettinger County,ND,0.00,100.00,100.00,56.80,0.00,0.00,2025-02-18,2025-02-24,1
20250211,38041,Hettinger County,ND,0.00,100.00,100.00,56.80,0.00,0.00,2025-02-11,2025-02-17,1
20250204,38041,Hettinger County,ND,0.00,100.00,100.00,56.80,0.00,0.00,2025-02-04,2025-02-10,1
20250128,38041,Hettinger County,ND,0.00,100.00,100.00,56.80,0.00,0.00,2025-01-28,2025-02-03,1
20250121,38041,Hettinger County,ND,0.00,100.00,100.00,56.80,14.47,0.00,2025-01-21,2025-01-27,1
20250114,38041,Hettinger County,ND,0.00,100.00,100.00,56.80,14.47,0.00,2025-01-14,2025-01-20,1
20250107,38041,Hettinger County,ND,0.00,100.00,100.00,56.80,14.47,0.00,2025-01-07,2025-01-13,1
20241231,38041,Hettinger County,ND,0.00,100.00,100.00,56.80,14.47,0.00,2024-12-31,2025-01-06,1
20250225,38043,Kidder County,ND,90.61,9.39,0.00,0.00,0.00,0.00,2025-02-25,2025-03-03,1
20250218,38043,Kidder County,ND,90.61,9.39,0.00,0.00,0.00,0.00,2025-02-18,2025-02-24,1
20250211,38043,Kidder County,ND,90.61,9.39,0.00,0.00,0.00,0.00,2025-02-11,2025-02-17,1
20250204,38043,Kidder County,ND,90.61,9.39,0.00,0.00,0.00,0.00,2025-02-04,2025-02-10,1
20250128,38043,Kidder County,ND,90.61,9.39,0.00,0.00,0.00,0.00,2025-01-28,2025-02-03,1
20250121,38043,Kidder County,ND,90.61,9.39,0.00,0.00,0.00,0.00,2025-01-21,2025-01-27,1
20250114,38043,Kidder County,ND,90.61,9.39,0.00,0.00,0.00,0.00,2025-01-14,2025-01-20,1
20250107,38043,Kidder County,ND,90.61,9.39,0.00,0.00,0.00,0.00,2025-01-07,2025-01-13,1
20241231,38043,Kidder County,ND,90.61,9.39,0.00,0.00,0.00,0.00,2024-12-31,2025-01-06,1
20250225,38045,LaMoure County,ND,0.00,100.00,94.27,0.00,0.00,0.00,2025-02-25,2025-03-03,1
20250218,38045,LaMoure County,ND,0.00,100.00,94.27,0.00,0.00,0.00,2025-02-18,2025-02-24,1
20250211,38045,LaMoure County,ND,0.00,100.00,94.27,0.00,0.00,0.00,2025-02-11,2025-02-17,1
20250204,38045,LaMoure County,ND,0.00,100.00,94.27,0.00,0.00,0.00,2025-02-04,2025-02-10,1
20250128,38045,LaMoure County,ND,0.00,100.00,94.27,0.00,0.00,0.00,2025-01-28,2025-02-03,1
20250121,38045,LaMoure County,ND,0.00,100.00,94.27,0.00,0.00,0.00,2025-01-21,2025-01-27,1
20250114,38045,LaMoure County,ND,0.00,100.00,94.27,0.00,0.00,0.00,2025-01-14,2025-01-20,1
20250107,38045,LaMoure County,ND,0.00,100.00,94.27,0.00,0.00,0.00,2025-01-07,2025-01-13,1
20241231,38045,LaMoure County,ND,0.00,100.00,94.27,0.00,0.00,0.00,2024-12-31,2025-01-06,1
20250225,38047,Logan County,ND,13.94,86.06,53.17,0.00,0.00,0.00,2025-02-25,2025-03-03,1
20250218,38047,Logan County,ND,13.94,86.06,53.17,0.00,0.00,0.00,2025-02-18,2025-02-24,1
20250211,38047,Logan County,ND,13.94,86.06,53.17,0.00,0.00,0.00,2025-02-11,2025-02-17,1
20250204,38047,Logan County,ND,13.94,86.06,53.17,0.00,0.00,0.00,2025-02-04,2025-02-10,1
20250128,38047,Logan County,ND,13.94,86.06,53.17,0.00,0.00,0.00,2025-01-28,2025-02-03,1
20250121,38047,Logan County,ND,13.94,86.06,53.17,0.00,0.00,0.00,2025-01-21,2025-01-27,1
20250114,38047,Logan County,ND,13.94,86.06,53.17,0.00,0.00,0.00,2025-01-14,2025-01-20,1
20250107,38047,Logan County,ND,13.94,86.06,53.17,0.00,0.00,0.00,2025-01-07,2025-01-13,1
20241231,38047,Logan County,ND,13.94,86.06,53.17,0.00,0.00,0.00,2024-12-31,2025-01-06,1
20250225,38049,McHenry County,ND,83.84,16.16,1.13,0.00,0.00,0.00,2025-02-25,2025-03-03,1
20250218,38049,McHenry County,ND,83.84,16.16,1.13,0.00,0.00,0.00,2025-02-18,2025-02-24,1
20250211,38049,McHenry County,ND,83.84,16.16,1.13,0.00,0.00,0.00,2025-02-11,2025-02-17,1
20250204,38049,McHenry County,ND,83.84,16.16,1.13,0.00,0.00,0.00,2025-02-04,2025-02-10,1
20250128,38049,McHenry County,ND,83.84,16.16,1.13,0.00,0.00,0.00,2025-01-28,2025-02-03,1
20250121,38049,McHenry County,ND,83.84,16.16,1.13,0.00,0.00,0.00,2025-01-21,2025-01-27,1
20250114,38049,McHenry County,ND,83.84,16.16,1.13,0.00,0.00,0.00,2025-01-14,2025-01-20,1
20250107,38049,McHenry County,ND,83.84,16.16,1.13,0.00,0.00,0.00,2025-01-07,2025-01-13,1
20241231,38049,McHenry County,ND,83.84,16.16,1.13,0.00,0.00,0.00,2024-12-31,2025-01-06,1
20250225,38051,McIntosh County,ND,0.00,100.00,100.00,0.00,0.00,0.00,2025-02-25,2025-03-03,1
20250218,38051,McIntosh County,ND,0.00,100.00,100.00,0.00,0.00,0.00,2025-02-18,2025-02-24,1
20250211,38051,McIntosh County,ND,0.00,100.00,100.00,0.00,0.00,0.00,2025-02-11,2025-02-17,1
20250204,38051,McIntosh County,ND,0.00,100.00,100.00,0.00,0.00,0.00,2025-02-04,2025-02-10,1
20250128,38051,McIntosh County,ND,0.00,100.00,100.00,0.00,0.00,0.00,2025-01-28,2025-02-03,1
20250121,38051,McIntosh County,ND,0.00,100.00,100.00,0.00,0.00,0.00,2025-01-21,2025-01-27,1
20250114,38051,McIntosh County,ND,0.00,100.00,100.00,0.00,0.00,0.00,2025-01-14,2025-01-20,1
20250107,38051,McIntosh County,ND,0.00,100.00,100.00,0.00,0.00,0.00,2025-01-07,2025-01-13,1
20241231,38051,McIntosh County,ND,0.00,100.00,100.00,0.00,0.00,0.00,2024-12-31,2025-01-06,1
20250225,38053,McKenzie County,ND,0.00,100.00,100.00,99.71,84.88,0.00,2025-02-25,2025-03-03,1
20250218,38053,McKenzie County,ND,0.00,100.00,100.00,100.00,84.88,0.00,2025-02-18,2025-02-24,1
20250211,38053,McKenzie County,ND,0.00,100.00,100.00,100.00,84.88,0.00,2025-02-11,2025-02-17,1
20250204,38053,McKenzie County,ND,0.00,100.00,100.00,100.00,84.88,0.00,2025-02-04,2025-02-10,1
20250128,38053,McKenzie County,ND,0.00,100.00,100.00,100.00,84.88,0.00,2025-01-28,2025-02-03,1
20250121,38053,McKenzie County,ND,0.00,100.00,100.00,100.00,88.62,0.00,2025-01-21,2025-01-27,1
20250114,38053,McKenzie County,ND,0.00,100.00,100.00,100.00,88.62,0.00,2025-01-14,2025-01-20,1
20250107,38053,McKenzie County,ND,0.00,100.00,100.00,100.00,88.62,0.00,2025-01-07,2025-01-13,1
20241231,38053,McKenzie County,ND,0.00,100.00,100.00,100.00,88.62,0.00,2024-12-31,2025-01-06,1
20250225,38055,McLean County,ND,47.78,52.22,43.24,0.75,0.00,0.00,2025-02-25,2025-03-03,1
20250218,38055,McLean County,ND,47.78,52.22,43.24,0.75,0.00,0.00,2025-02-18,2025-02-24,1
20250211,38055,McLean County,ND,47.78,52.22,43.24,0.75,0.00,0.00,2025-02-11,2025-02-17,1
20250204,38055,McLean County,ND,47.78,52.22,43.24,0.75,0.00,0.00,2025-02-04,2025-02-10,1
20250128,38055,McLean County,ND,47.78,52.22,43.24,0.75,0.00,0.00,2025-01-28,2025-02-03,1
20250121,38055,McLean County,ND,47.78,52.22,43.24,0.75,0.00,0.00,2025-01-21,2025-01-27,1
20250114,38055,McLean County,ND,47.78,52.22,43.24,0.75,0.00,0.00,2025-01-14,2025-01-20,1
20250107,38055,McLean County,ND,47.78,52.22,43.24,0.75,0.00,0.00,2025-01-07,2025-01-13,1
20241231,38055,McLean County,ND,47.78,52.22,43.24,0.75,0.00,0.00,2024-12-31,2025-01-06,1
20250225,38057,Mercer County,ND,2.62,97.38,94.38,13.83,0.00,0.00,2025-02-25,2025-03-03,1
20250218,38057,Mercer County,ND,2.62,97.38,94.38,13.83,0.00,0.00,2025-02-18,2025-02-24,1
20250211,38057,Mercer County,ND,2.62,97.38,94.38,13.83,0.00,0.00,2025-02-11,2025-02-17,1
20250204,38057,Mercer County,ND,2.62,97.38,94.38,13.83,0.00,0.00,2025-02-04,2025-02-10,1
20250128,38057,Mercer County,ND,2.62,97.38,94.38,13.83,0.00,0.00,2025-01-28,2025-02-03,1
20250121,38057,Mercer County,ND,2.62,97.38,94.38,13.83,0.00,0.00,2025-01-21,2025-01-27,1
20250114,38057,Mercer County,ND,2.62,97.38,94.38,13.83,0.00,0.00,2025-01-14,2025-01-20,1
20250107,38057,Mercer County,ND,2.62,97.38,94.38,13.83,0.00,0.00,2025-01-07,2025-01-13,1
20241231,38057,Mercer County,ND,2.62,97.38,94.38,13.83,0.00,0.00,2024-12-31,2025-01-06,1
20250225,38059,Morton County,ND,0.00,100.00,75.18,15.11,0.00,0.00,2025-02-25,2025-03-03,1
20250218,38059,Morton County,ND,0.00,100.00,75.18,15.11,0.00,0.00,2025-02-18,2025-02-24,1
20250211,38059,Morton County,ND,0.00,100.00,75.18,15.11,0.00,0.00,2025-02-11,2025-02-17,1
20250204,38059,Morton County,ND,0.00,100.00,75.18,15.11,0.00,0.00,2025-02-04,2025-02-10,1
20250128,38059,Morton County,ND,0.00,100.00,75.18,15.11,0.00,0.00,2025-01-28,2025-02-03,1
20250121,38059,Morton County,ND,0.00,100.00,75.18,15.11,0.00,0.00,2025-01-21,2025-01-27,1
20250114,38059,Morton County,ND,0.00,100.00,75.18,15.11,0.00,0.00,2025-01-14,2025-01-20,1
20250107,38059,Morton County,ND,0.00,100.00,75.18,15.11,0.00,0.00,2025-01-07,2025-01-13,1
20241231,38059,Morton County,ND,0.00,100.00,75.18,15.11,0.00,0.00,2024-12-31,2025-01-06,1
20250225,38061,Mountrail County,ND,0.00,100.00,100.00,85.76,1.00,0.00,2025-02-25,2025-03-03,1
20250218,38061,Mountrail County,ND,0.00,100.00,100.00,85.76,1.00,0.00,2025-02-18,2025-02-24,1
20250211,38061,Mountrail County,ND,0.00,100.00,100.00,85.76,1.00,0.00,2025-02-11,2025-02-17,1
20250204,38061,Mountrail County,ND,0.00,100.00,100.00,85.76,1.00,0.00,2025-02-04,2025-02-10,1
20250128,38061,Mountrail County,ND,0.00,100.00,100.00,85.76,1.00,0.00,2025-01-28,2025-02-03,1
20250121,38061,Mountrail County,ND,0.00,100.00,100.00,85.76,1.00,0.00,2025-01-21,2025-01-27,1
20250114,38061,Mountrail County,ND,0.00,100.00,100.00,85.76,1.00,0.00,2025-01-14,2025-01-20,1
20250107,38061,Mountrail County,ND,0.00,100.00,100.00,85.76,1.00,0.00,2025-01-07,2025-01-13,1
20241231,38061,Mountrail County,ND,0.00,100.00,100.00,85.76,1.00,0.00,2024-12-31,2025-01-06,1
20250225,38063,Nelson County,ND,100.00,0.00,0.00,0.00,0.00,0.00,2025-02-25,2025-03-03,1
20250218,38063,Nelson County,ND,100.00,0.00,0.00,0.00,0.00,0.00,2025-02-18,2025-02-24,1
20250211,38063,Nelson County,ND,100.00,0.00,0.00,0.00,0.00,0.00,2025-02-11,2025-02-17,1
20250204,38063,Nelson County,ND,100.00,0.00,0.00,0.00,0.00,0.00,2025-02-04,2025-02-10,1
20250128,38063,Nelson County,ND,100.00,0.00,0.00,0.00,0.00,0.00,2025-01-28,2025-02-03,1
20250121,38063,Nelson County,ND,100.00,0.00,0.00,0.00,0.00,0.00,2025-01-21,2025-01-27,1
20250114,38063,Nelson County,ND,100.00,0.00,0.00,0.00,0.00,0.00,2025-01-14,2025-01-20,1
20250107,38063,Nelson County,ND,100.00,0.00,0.00,0.00,0.00,0.00,2025-01-07,2025-01-13,1
20241231,38063,Nelson County,ND,100.00,0.00,0.00,0.00,0.00,0.00,2024-12-31,2025-01-06,1
20250225,38065,Oliver County,ND,0.00,100.00,89.29,0.90,0.00,0.00,2025-02-25,2025-03-03,1
20250218,38065,Oliver County,ND,0.00,100.00,89.29,0.90,0.00,0.00,2025-02-18,2025-02-24,1
20250211,38065,Oliver County,ND,0.00,100.00,89.29,0.90,0.00,0.00,2025-02-11,2025-02-17,1
20250204,38065,Oliver County,ND,0.00,100.00,89.29,0.90,0.00,0.00,2025-02-04,2025-02-10,1
20250128,38065,Oliver County,ND,0.00,100.00,89.29,0.90,0.00,0.00,2025-01-28,2025-02-03,1
20250121,38065,Oliver County,ND,0.00,100.00,89.29,0.90,0.00,0.00,2025-01-21,2025-01-27,1
20250114,38065,Oliver County,ND,0.00,100.00,89.29,0.90,0.00,0.00,2025-01-14,2025-01-20,1
20250107,38065,Oliver County,ND,0.00,100.00,89.29,0.90,0.00,0.00,2025-01-07,2025-01-13,1
20241231,38065,Oliver County,ND,0.00,100.00,89.29,0.90,0.00,0.00,2024-12-31,2025-01-06,1
20250225,38067,Pembina County,ND,100.00,0.00,0.00,0.00,0.00,0.00,2025-02-25,2025-03-03,1
20250218,38067,Pembina County,ND,100.00,0.00,0.00,0.00,0.00,0.00,2025-02-18,2025-02-24,1
20250211,38067,Pembina County,ND,100.00,0.00,0.00,0.00,0.00,0.00,2025-02-11,2025-02-17,1
20250204,38067,Pembina County,ND,100.00,0.00,0.00,0.00,0.00,0.00,2025-02-04,2025-02-10,1
20250128,38067,Pembina County,ND,100.00,0.00,0.00,0.00,0.00,0.00,2025-01-28,2025-02-03,1
20250121,38067,Pembina County,ND,100.00,0.00,0.00,0.00,0.00,0.00,2025-01-21,2025-01-27,1
20250114,38067,Pembina County,ND,100.00,0.00,0.00,0.00,0.00,0.00,2025-01-14,2025-01-20,1
20250107,38067,Pembina County,ND,100.00,0.00,0.00,0.00,0.00,0.00,2025-01-07,2025-01-13,1
20241231,38067,Pembina County,ND,100.00,0.00,0.00,0.00,0.00,0.00,2024-12-31,2025-01-06,1
20250225,38069,Pierce County,ND,100.00,0.00,0.00,0.00,0.00,0.00,2025-02-25,2025-03-03,1
20250218,38069,Pierce County,ND,100.00,0.00,0.00,0.00,0.00,0.00,2025-02-18,2025-02-24,1
20250211,38069,Pierce County,ND,100.00,0.00,0.00,0.00,0.00,0.00,2025-02-11,2025-02-17,1
20250204,38069,Pierce County,ND,100.00,0.00,0.00,0.00,0.00,0.00,2025-02-04,2025-02-10,1
20250128,38069,Pierce County,ND,100.00,0.00,0.00,0.00,0.00,0.00,2025-01-28,2025-02-03,1
20250121,38069,Pierce County,ND,100.00,0.00,0.00,0.00,0.00,0.00,2025-01-21,2025-01-27,1
20250114,38069,Pierce County,ND,100.00,0.00,0.00,0.00,0.00,0.00,2025-01-14,2025-01-20,1
20250107,38069,Pierce County,ND,100.00,0.00,0.00,0.00,0.00,0.00,2025-01-07,2025-01-13,1
20241231,38069,Pierce County,ND,100.00,0.00,0.00,0.00,0.00,0.00,2024-12-31,2025-01-06,1
20250225,38071,Ramsey County,ND,100.00,0.00,0.00,0.00,0.00,0.00,2025-02-25,2025-03-03,1
20250218,38071,Ramsey County,ND,100.00,0.00,0.00,0.00,0.00,0.00,2025-02-18,2025-02-24,1
20250211,38071,Ramsey County,ND,100.00,0.00,0.00,0.00,0.00,0.00,2025-02-11,2025-02-17,1
20250204,38071,Ramsey County,ND,100.00,0.00,0.00,0.00,0.00,0.00,2025-02-04,2025-02-10,1
20250128,38071,Ramsey County,ND,100.00,0.00,0.00,0.00,0.00,0.00,2025-01-28,2025-02-03,1
20250121,38071,Ramsey County,ND,100.00,0.00,0.00,0.00,0.00,0.00,2025-01-21,2025-01-27,1
20250114,38071,Ramsey County,ND,100.00,0.00,0.00,0.00,0.00,0.00,2025-01-14,2025-01-20,1
20250107,38071,Ramsey County,ND,100.00,0.00,0.00,0.00,0.00,0.00,2025-01-07,2025-01-13,1
20241231,38071,Ramsey County,ND,100.00,0.00,0.00,0.00,0.00,0.00,2024-12-31,2025-01-06,1
20250225,38073,Ransom County,ND,0.00,100.00,100.00,0.00,0.00,0.00,2025-02-25,2025-03-03,1
20250218,38073,Ransom County,ND,0.00,100.00,100.00,0.00,0.00,0.00,2025-02-18,2025-02-24,1
20250211,38073,Ransom County,ND,0.00,100.00,100.00,0.00,0.00,0.00,2025-02-11,2025-02-17,1
20250204,38073,Ransom County,ND,0.00,100.00,100.00,0.00,0.00,0.00,2025-02-04,2025-02-10,1
20250128,38073,Ransom County,ND,0.00,100.00,100.00,0.00,0.00,0.00,2025-01-28,2025-02-03,1
20250121,38073,Ransom County,ND,0.00,100.00,100.00,0.00,0.00,0.00,2025-01-21,2025-01-27,1
20250114,38073,Ransom County,ND,0.00,100.00,100.00,0.00,0.00,0.00,2025-01-14,2025-01-20,1
20250107,38073,Ransom County,ND,0.00,100.00,100.00,0.00,0.00,0.00,2025-01-07,2025-01-13,1
20241231,38073,Ransom County,ND,0.00,100.00,100.00,0.00,0.00,0.00,2024-12-31,2025-01-06,1
20250225,38075,Renville County,ND,0.00,100.00,100.00,83.74,0.00,0.00,2025-02-25,2025-03-03,1
20250218,38075,Renville County,ND,0.00,100.00,100.00,83.74,0.00,0.00,2025-02-18,2025-02-24,1
20250211,38075,Renville County,ND,0.00,100.00,100.00,83.74,0.00,0.00,2025-02-11,2025-02-17,1
20250204,38075,Renville County,ND,0.00,100.00,100.00,83.74,0.00,0.00,2025-02-04,2025-02-10,1
20250128,38075,Renville County,ND,0.00,100.00,100.00,83.74,0.00,0.00,2025-01-28,2025-02-03,1
20250121,38075,Renville County,ND,0.00,100.00,100.00,83.74,0.00,0.00,2025-01-21,2025-01-27,1
20250114,38075,Renville County,ND,0.00,100.00,100.00,83.74,0.00,0.00,2025-01-14,2025-01-20,1
20250107,38075,Renville County,ND,0.00,100.00,100.00,83.74,0.00,0.00,2025-01-07,2025-01-13,1
20241231,38075,Renville County,ND,0.00,100.00,100.00,83.74,0.00,0.00,2024-12-31,2025-01-06,1
20250225,38077,Richland County,ND,0.00,100.00,100.00,0.00,0.00,0.00,2025-02-25,2025-03-03,1
20250218,38077,Richland County,ND,0.00,100.00,100.00,0.00,0.00,0.00,2025-02-18,2025-02-24,1
20250211,38077,Richland County,ND,0.00,100.00,100.00,0.00,0.00,0.00,2025-02-11,2025-02-17,1
20250204,38077,Richland County,ND,0.00,100.00,100.00,0.00,0.00,0.00,2025-02-04,2025-02-10,1
20250128,38077,Richland County,ND,0.00,100.00,100.00,0.00,0.00,0.00,2025-01-28,2025-02-03,1
20250121,38077,Richland County,ND,0.00,100.00,100.00,0.00,0.00,0.00,2025-01-21,2025-01-27,1
20250114,38077,Richland County,ND,0.00,100.00,100.00,0.00,0.00,0.00,2025-01-14,2025-01-20,1
20250107,38077,Richland County,ND,0.00,100.00,100.00,0.00,0.00,0.00,2025-01-07,2025-01-13,1
20241231,38077,Richland County,ND,0.00,100.00,100.00,0.00,0.00,0.00,2024-12-31,2025-01-06,1
20250225,38079,Rolette County,ND,100.00,0.00,0.00,0.00,0.00,0.00,2025-02-25,2025-03-03,1
20250218,38079,Rolette County,ND,100.00,0.00,0.00,0.00,0.00,0.00,2025-02-18,2025-02-24,1
20250211,38079,Rolette County,ND,100.00,0.00,0.00,0.00,0.00,0.00,2025-02-11,2025-02-17,1
20250204,38079,Rolette County,ND,100.00,0.00,0.00,0.00,0.00,0.00,2025-02-04,2025-02-10,1
20250128,38079,Rolette County,ND,100.00,0.00,0.00,0.00,0.00,0.00,2025-01-28,2025-02-03,1
20250121,38079,Rolette County,ND,100.00,0.00,0.00,0.00,0.00,0.00,2025-01-21,2025-01-27,1
20250114,38079,Rolette County,ND,100.00,0.00,0.00,0.00,0.00,0.00,2025-01-14,2025-01-20,1
20250107,38079,Rolette County,ND,100.00,0.00,0.00,0.00,0.00,0.00,2025-01-07,2025-01-13,1
20241231,38079,Rolette County,ND,100.00,0.00,0.00,0.00,0.00,0.00,2024-12-31,2025-01-06,1
20250225,38081,Sargent County,ND,0.00,100.00,100.00,0.00,0.00,0.00,2025-02-25,2025-03-03,1
20250218,38081,Sargent County,ND,0.00,100.00,100.00,0.00,0.00,0.00,2025-02-18,2025-02-24,1
20250211,38081,Sargent County,ND,0.00,100.00,100.00,0.00,0.00,0.00,2025-02-11,2025-02-17,1
20250204,38081,Sargent County,ND,0.00,100.00,100.00,0.00,0.00,0.00,2025-02-04,2025-02-10,1
20250128,38081,Sargent County,ND,0.00,100.00,100.00,0.00,0.00,0.00,2025-01-28,2025-02-03,1
20250121,38081,Sargent County,ND,0.00,100.00,100.00,0.00,0.00,0.00,2025-01-21,2025-01-27,1
20250114,38081,Sargent County,ND,0.00,100.00,100.00,0.00,0.00,0.00,2025-01-14,2025-01-20,1
20250107,38081,Sargent County,ND,0.00,100.00,100.00,0.00,0.00,0.00,2025-01-07,2025-01-13,1
20241231,38081,Sargent County,ND,0.00,100.00,100.00,0.00,0.00,0.00,2024-12-31,2025-01-06,1
20250225,38083,Sheridan County,ND,76.91,23.09,0.11,0.00,0.00,0.00,2025-02-25,2025-03-03,1
20250218,38083,Sheridan County,ND,76.91,23.09,0.11,0.00,0.00,0.00,2025-02-18,2025-02-24,1
20250211,38083,Sheridan County,ND,76.91,23.09,0.11,0.00,0.00,0.00,2025-02-11,2025-02-17,1
20250204,38083,Sheridan County,ND,76.91,23.09,0.11,0.00,0.00,0.00,2025-02-04,2025-02-10,1
20250128,38083,Sheridan County,ND,76.91,23.09,0.11,0.00,0.00,0.00,2025-01-28,2025-02-03,1
20250121,38083,Sheridan County,ND,76.91,23.09,0.11,0.00,0.00,0.00,2025-01-21,2025-01-27,1
20250114,38083,Sheridan County,ND,76.91,23.09,0.11,0.00,0.00,0.00,2025-01-14,2025-01-20,1
20250107,38083,Sheridan County,ND,76.91,23.09,0.11,0.00,0.00,0.00,2025-01-07,2025-01-13,1
20241231,38083,Sheridan County,ND,76.91,23.09,0.11,0.00,0.00,0.00,2024-12-31,2025-01-06,1
20250225,38085,Sioux County,ND,0.00,100.00,100.00,0.00,0.00,0.00,2025-02-25,2025-03-03,1
20250218,38085,Sioux County,ND,0.00,100.00,100.00,0.00,0.00,0.00,2025-02-18,2025-02-24,1
20250211,38085,Sioux County,ND,0.00,100.00,100.00,0.00,0.00,0.00,2025-02-11,2025-02-17,1
20250204,38085,Sioux County,ND,0.00,100.00,100.00,0.00,0.00,0.00,2025-02-04,2025-02-10,1
20250128,38085,Sioux County,ND,0.00,100.00,100.00,0.00,0.00,0.00,2025-01-28,2025-02-03,1
20250121,38085,Sioux County,ND,0.00,100.00,100.00,0.00,0.00,0.00,2025-01-21,2025-01-27,1
20250114,38085,Sioux County,ND,0.00,100.00,100.00,0.00,0.00,0.00,2025-01-14,2025-01-20,1
20250107,38085,Sioux County,ND,0.00,100.00,100.00,0.00,0.00,0.00,2025-01-07,2025-01-13,1
20241231,38085,Sioux County,ND,0.00,100.00,100.00,0.00,0.00,0.00,2024-12-31,2025-01-06,1
20250225,38087,Slope County,ND,0.00,100.00,100.00,100.00,0.00,0.00,2025-02-25,2025-03-03,1
20250218,38087,Slope County,ND,0.00,100.00,100.00,100.00,0.00,0.00,2025-02-18,2025-02-24,1
20250211,38087,Slope County,ND,0.00,100.00,100.00,100.00,0.00,0.00,2025-02-11,2025-02-17,1
20250204,38087,Slope County,ND,0.00,100.00,100.00,100.00,0.00,0.00,2025-02-04,2025-02-10,1
20250128,38087,Slope County,ND,0.00,100.00,100.00,100.00,0.00,0.00,2025-01-28,2025-02-03,1
20250121,38087,Slope County,ND,0.00,100.00,100.00,100.00,100.00,0.00,2025-01-21,2025-01-27,1
20250114,38087,Slope County,ND,0.00,100.00,100.00,100.00,100.00,0.00,2025-01-14,2025-01-20,1
20250107,38087,Slope County,ND,0.00,100.00,100.00,100.00,100.00,0.00,2025-01-07,2025-01-13,1
20241231,38087,Slope County,ND,0.00,100.00,100.00,100.00,100.00,0.00,2024-12-31,2025-01-06,1
20250225,38089,Stark County,ND,0.00,100.00,100.00,93.45,0.00,0.00,2025-02-25,2025-03-03,1
20250218,38089,Stark County,ND,0.00,100.00,100.00,93.45,0.00,0.00,2025-02-18,2025-02-24,1
20250211,38089,Stark County,ND,0.00,100.00,100.00,93.45,0.00,0.00,2025-02-11,2025-02-17,1
20250204,38089,Stark County,ND,0.00,100.00,100.00,93.45,0.00,0.00,2025-02-04,2025-02-10,1
20250128,38089,Stark County,ND,0.00,100.00,100.00,93.45,0.00,0.00,2025-01-28,2025-02-03,1
20250121,38089,Stark County,ND,0.00,100.00,100.00,93.45,34.33,0.00,2025-01-21,2025-01-27,1
20250114,38089,Stark County,ND,0.00,100.00,100.00,93.45,34.33,0.00,2025-01-14,2025-01-20,1
20250107,38089,Stark County,ND,0.00,100.00,100.00,93.45,34.33,0.00,2025-01-07,2025-01-13,1
20241231,38089,Stark County,ND,0.00,100.00,100.00,93.45,34.33,0.00,2024-12-31,2025-01-06,1
20250225,38091,Steele County,ND,24.78,75.22,0.00,0.00,0.00,0.00,2025-02-25,2025-03-03,1
20250218,38091,Steele County,ND,24.78,75.22,0.00,0.00,0.00,0.00,2025-02-18,2025-02-24,1
20250211,38091,Steele County,ND,24.78,75.22,0.00,0.00,0.00,0.00,2025-02-11,2025-02-17,1
20250204,38091,Steele County,ND,24.78,75.22,0.00,0.00,0.00,0.00,2025-02-04,2025-02-10,1
20250128,38091,Steele County,ND,24.78,75.22,0.00,0.00,0.00,0.00,2025-01-28,2025-02-03,1
20250121,38091,Steele County,ND,24.78,75.22,0.00,0.00,0.00,0.00,2025-01-21,2025-01-27,1
20250114,38091,Steele County,ND,24.78,75.22,0.00,0.00,0.00,0.00,2025-01-14,2025-01-20,1
20250107,38091,Steele County,ND,24.78,75.22,0.00,0.00,0.00,0.00,2025-01-07,2025-01-13,1
20241231,38091,Steele County,ND,24.78,75.22,0.00,0.00,0.00,0.00,2024-12-31,2025-01-06,1
20250225,38093,Stutsman County,ND,75.58,24.42,0.44,0.00,0.00,0.00,2025-02-25,2025-03-03,1
20250218,38093,Stutsman County,ND,75.58,24.42,0.44,0.00,0.00,0.00,2025-02-18,2025-02-24,1
20250211,38093,Stutsman County,ND,75.58,24.42,0.44,0.00,0.00,0.00,2025-02-11,2025-02-17,1
20250204,38093,Stutsman County,ND,75.58,24.42,0.44,0.00,0.00,0.00,2025-02-04,2025-02-10,1
20250128,38093,Stutsman County,ND,75.58,24.42,0.44,0.00,0.00,0.00,2025-01-28,2025-02-03,1
20250121,38093,Stutsman County,ND,75.58,24.42,0.44,0.00,0.00,0.00,2025-01-21,2025-01-27,1
20250114,38093,Stutsman County,ND,75.58,24.42,0.44,0.00,0.00,0.00,2025-01-14,2025-01-20,1
20250107,38093,Stutsman County,ND,75.58,24.42,0.44,0.00,0.00,0.00,2025-01-07,2025-01-13,1
20241231,38093,Stutsman County,ND,75.58,24.42,0.44,0.00,0.00,0.00,2024-12-31,2025-01-06,1
20250225,38095,Towner County,ND,100.00,0.00,0.00,0.00,0.00,0.00,2025-02-25,2025-03-03,1
20250218,38095,Towner County,ND,100.00,0.00,0.00,0.00,0.00,0.00,2025-02-18,2025-02-24,1
20250211,38095,Towner County,ND,100.00,0.00,0.00,0.00,0.00,0.00,2025-02-11,2025-02-17,1
20250204,38095,Towner County,ND,100.00,0.00,0.00,0.00,0.00,0.00,2025-02-04,2025-02-10,1
20250128,38095,Towner County,ND,100.00,0.00,0.00,0.00,0.00,0.00,2025-01-28,2025-02-03,1
20250121,38095,Towner County,ND,100.00,0.00,0.00,0.00,0.00,0.00,2025-01-21,2025-01-27,1
20250114,38095,Towner County,ND,100.00,0.00,0.00,0.00,0.00,0.00,2025-01-14,2025-01-20,1
20250107,38095,Towner County,ND,100.00,0.00,0.00,0.00,0.00,0.00,2025-01-07,2025-01-13,1
20241231,38095,Towner County,ND,100.00,0.00,0.00,0.00,0.00,0.00,2024-12-31,2025-01-06,1
20250225,38097,Traill County,ND,0.00,100.00,34.35,0.00,0.00,0.00,2025-02-25,2025-03-03,1
20250218,38097,Traill County,ND,0.00,100.00,34.35,0.00,0.00,0.00,2025-02-18,2025-02-24,1
20250211,38097,Traill County,ND,0.00,100.00,34.35,0.00,0.00,0.00,2025-02-11,2025-02-17,1
20250204,38097,Traill County,ND,0.00,100.00,34.35,0.00,0.00,0.00,2025-02-04,2025-02-10,1
20250128,38097,Traill County,ND,0.00,100.00,34.35,0.00,0.00,0.00,2025-01-28,2025-02-03,1
20250121,38097,Traill County,ND,0.00,100.00,34.35,0.00,0.00,0.00,2025-01-21,2025-01-27,1
20250114,38097,Traill County,ND,0.00,100.00,34.35,0.00,0.00,0.00,2025-01-14,2025-01-20,1
20250107,38097,Traill County,ND,0.00,100.00,34.35,0.00,0.00,0.00,2025-01-07,2025-01-13,1
20241231,38097,Traill County,ND,0.00,100.00,34.35,0.00,0.00,0.00,2024-12-31,2025-01-06,1
20250225,38099,Walsh County,ND,100.00,0.00,0.00,0.00,0.00,0.00,2025-02-25,2025-03-03,1
20250218,38099,Walsh County,ND,100.00,0.00,0.00,0.00,0.00,0.00,2025-02-18,2025-02-24,1
20250211,38099,Walsh County,ND,100.00,0.00,0.00,0.00,0.00,0.00,2025-02-11,2025-02-17,1
20250204,38099,Walsh County,ND,100.00,0.00,0.00,0.00,0.00,0.00,2025-02-04,2025-02-10,1
20250128,38099,Walsh County,ND,100.00,0.00,0.00,0.00,0.00,0.00,2025-01-28,2025-02-03,1
20250121,38099,Walsh County,ND,100.00,0.00,0.00,0.00,0.00,0.00,2025-01-21,2025-01-27,1
20250114,38099,Walsh County,ND,100.00,0.00,0.00,0.00,0.00,0.00,2025-01-14,2025-01-20,1
20250107,38099,Walsh County,ND,100.00,0.00,0.00,0.00,0.00,0.00,2025-01-07,2025-01-13,1
20241231,38099,Walsh County,ND,100.00,0.00,0.00,0.00,0.00,0.00,2024-12-31,2025-01-06,1
20250225,38101,Ward County,ND,34.23,65.77,51.21,20.27,0.00,0.00,2025-02-25,2025-03-03,1
20250218,38101,Ward County,ND,34.23,65.77,51.21,20.27,0.00,0.00,2025-02-18,2025-02-24,1
20250211,38101,Ward County,ND,34.23,65.77,51.21,20.27,0.00,0.00,2025-02-11,2025-02-17,1
20250204,38101,Ward County,ND,34.23,65.77,51.21,20.27,0.00,0.00,2025-02-04,2025-02-10,1
20250128,38101,Ward County,ND,34.23,65.77,51.21,20.27,0.00,0.00,2025-01-28,2025-02-03,1
20250121,38101,Ward County,ND,34.23,65.77,51.21,20.27,0.00,0.00,2025-01-21,2025-01-27,1
20250114,38101,Ward County,ND,34.23,65.77,51.21,20.27,0.00,0.00,2025-01-14,2025-01-20,1
20250107,38101,Ward County,ND,34.23,65.77,51.21,20.27,0.00,0.00,2025-01-07,2025-01-13,1
20241231,38101,Ward County,ND,34.23,65.77,51.21,20.27,0.00,0.00,2024-12-31,2025-01-06,1
20250225,38103,Wells County,ND,99.57,0.43,0.00,0.00,0.00,0.00,2025-02-25,2025-03-03,1
20250218,38103,Wells County,ND,99.57,0.43,0.00,0.00,0.00,0.00,2025-02-18,2025-02-24,1
20250211,38103,Wells County,ND,99.57,0.43,0.00,0.00,0.00,0.00,2025-02-11,2025-02-17,1
20250204,38103,Wells County,ND,99.57,0.43,0.00,0.00,0.00,0.00,2025-02-04,2025-02-10,1
20250128,38103,Wells County,ND,99.57,0.43,0.00,0.00,0.00,0.00,2025-01-28,2025-02-03,1
20250121,38103,Wells County,ND,99.57,0.43,0.00,0.00,0.00,0.00,2025-01-21,2025-01-27,1
20250114,38103,Wells County,ND,99.57,0.43,0.00,0.00,0.00,0.00,2025-01-14,2025-01-20,1
20250107,38103,Wells County,ND,99.57,0.43,0.00,0.00,0.00,0.00,2025-01-07,2025-01-13,1
20241231,38103,Wells County,ND,99.57,0.43,0.00,0.00,0.00,0.00,2024-12-31,2025-01-06,1
20250225,38105,Williams County,ND,0.00,100.00,100.00,67.84,1.28,0.00,2025-02-25,2025-03-03,1
20250218,38105,Williams County,ND,0.00,100.00,100.00,91.33,1.28,0.00,2025-02-18,2025-02-24,1
20250211,38105,Williams County,ND,0.00,100.00,100.00,91.33,1.28,0.00,2025-02-11,2025-02-17,1
20250204,38105,Williams County,ND,0.00,100.00,100.00,91.33,1.28,0.00,2025-02-04,2025-02-10,1
20250128,38105,Williams County,ND,0.00,100.00,100.00,91.33,1.28,0.00,2025-01-28,2025-02-03,1
20250121,38105,Williams County,ND,0.00,100.00,100.00,100.00,1.28,0.00,2025-01-21,2025-01-27,1
20250114,38105,Williams County,ND,0.00,100.00,100.00,100.00,1.28,0.00,2025-01-14,2025-01-20,1
20250107,38105,Williams County,ND,0.00,100.00,100.00,100.00,1.28,0.00,2025-01-07,2025-01-13,1
20241231,38105,Williams County,ND,0.00,100.00,100.00,100.00,1.28,0.00,2024-12-31,2025-01-06,1
